{
    "name": "漂浮液体",
    "icon": "hwell:fluid_liquid_souls",
    "category": "other_mechanics",
    "sortnum": 40,
    "pages": [
        {
            "type": "text",
            "text": "液态灵魂是一种在聚焦管中产生的液体. 当放置于世界中时, 他将会像水一样流动.$(br2)这种液体的特殊性质就是它可以使玩家漂浮在他的上方. 你可以按住shift以防止这种漂浮."
        },
        { 	"type": "tube",
	        "name": "制造液态灵魂",
	        "input1": "hwell:furnace_tube",
	        "input2": "hwell:myst_dust_block",
	        "output": "hwell:fluid_liquid_souls"
        }
    ]
}