{
    "name": "破坏之树",
    "icon": "hwell:grit_vase",
    "category": "other_mechanics",
    "sortnum": 50,
    "pages": [
        {
            "type": "image",
			"title": "Breaking Tree",
			"image": "Breaking Tree",
	        "border": true,
            "images": [ "hwell:textures/gui/breaking_tree.png" ],
			"text": "破坏之树可以打破在他附近放置的方块."
        },
		{
            "type": "crafting",
            "title": "黑玛瑙树盆",            
            "recipe": "hwell:grit_vase",
			"text": "黑玛瑙树盆是一种特殊的树盆,用来容纳和种植破坏之树"
        },
		{
            "type": "text",
			"text": "当你要种植破坏之树时,你可以在花盆上使用神秘肥料.你可以不断使用神秘肥料使它长大,你最多可以使用五次肥料,你使用的肥料越多,树木就越大.破坏之树的最大破坏范围为5个方块,它将会在破坏方块时发出粒子.破坏之树不需要能量，但他们不能随时停止破坏方块.但是你可以使用过滤器设置破坏之木的白名单和黑名单."
        },
		{
            "type": "spotlight",
			"title": "破坏之树树枝",
			"item": "hwell:branch",
			"text": "含有破坏之木的花盆将会在被打破时掉落破坏之树树枝. 这些树枝是破坏之树的最重要的生命根枝, 他们是制作连锁核心的重要物品. 然而随着时间的推移,这些树枝将会渐渐地失去生命. 当它们从树上砍下来时, 你将不可能阻止它们的生命流失. 在停止游戏直接它们都会流逝生命."
        }
	]
}