{
    "name": "嫁接",
    "icon": "hwell:grafting_tray",
    "category": "other_mechanics",
    "sortnum": 51,
    "pages": [
		{
            "type": "crafting",
            "recipe": "hwell:grafting_tray",
			"text": "嫁接是一种奇妙的工艺流程,它可以生产连锁核心,可以增加转化核心的产量. 这种核心利用破坏之树树枝的生命能量,从一个转化核心中生成出几个连锁核心.要想将转化核心变成连锁核心,你需要在嫁接托盘中装满液态灵魂."
        }, 
		{
            "type": "image",
			"title": "连锁核心",
	        "border": true,
            "images": [ "hwell:textures/gui/grafting_tray.png" ],
			"text": "将充满生命的破坏之树树枝放在嫁接托盘的旁边8个方块点上."
        }, 
		{
            "type": "image",
            "title": "连锁核心",
	        "border": true,
            "images": [ "hwell:textures/gui/grafting_tray2.png" ],
			"text": "在转化核心吸收了足够的能量之后,他将会变成对应的连锁核心."
        },
		{
            "type": "spotlight",
			"title": "连锁反应",
			"item": "hwell:graft_heat",
			"text": "当制作完成后,你只需要右键就可以把连锁核心从嫁接托盘中拿出. 嫁接核心和转化核心长得很像,但他们并不能直接转化物品. 相反,他们可以放置在转化核心旁边.他们可以接触转化核心及连锁核心,并且使接触的核心在转化中实现连锁反应.制作不同连锁核心需要不同的生命能量."
        }
	]
}